{
  "36aa80cd43fecbecdec5f56a846b9495" : {
    "statistic" : {
      "failed" : 0,
      "broken" : 1,
      "skipped" : 0,
      "passed" : 0,
      "unknown" : 0,
      "total" : 1
    },
    "items" : [ {
      "uid" : "4936670590ab42d5",
      "status" : "broken",
      "statusDetails" : "AttributeError: 'LoginPage' object has no attribute 'get_click_device'",
      "time" : {
        "start" : 1602472898336,
        "stop" : 1602472898336,
        "duration" : 0
      }
    } ]
  },
  "2adb29bc2ab0ea58e3b8c1dee5a9fa79" : {
    "statistic" : {
      "failed" : 0,
      "broken" : 1,
      "skipped" : 0,
      "passed" : 0,
      "unknown" : 0,
      "total" : 1
    },
    "items" : [ {
      "uid" : "fd32398da4dc5522",
      "status" : "broken",
      "statusDetails" : "AttributeError: 'NoneType' object has no attribute 'get_attribute'",
      "time" : {
        "start" : 1601368551690,
        "stop" : 1601368561575,
        "duration" : 9885
      }
    } ]
  },
  "57be64c63df50b6bb2f55b441d4efafd" : {
    "statistic" : {
      "failed" : 0,
      "broken" : 1,
      "skipped" : 0,
      "passed" : 0,
      "unknown" : 0,
      "total" : 1
    },
    "items" : [ {
      "uid" : "5889a7806942c2d5",
      "status" : "broken",
      "statusDetails" : "_pytest.fixtures.FixtureLookupError: ('driver', <FixtureRequest for <Function test_01_start>>)",
      "time" : {
        "start" : 1602489217372,
        "stop" : 1602489217372,
        "duration" : 0
      }
    } ]
  }
}