[ {
  "uid" : "4936670590ab42d5",
  "name" : "test_02_enter_live",
  "time" : {
    "start" : 1602472898336,
    "stop" : 1602472898336,
    "duration" : 0
  },
  "status" : "broken",
  "severity" : "normal"
}, {
  "uid" : "5889a7806942c2d5",
  "name" : "test_01_start",
  "time" : {
    "start" : 1602489217372,
    "stop" : 1602489217372,
    "duration" : 0
  },
  "status" : "broken",
  "severity" : "normal"
}, {
  "uid" : "fd32398da4dc5522",
  "name" : "test_01_start",
  "time" : {
    "start" : 1601368551690,
    "stop" : 1601368561575,
    "duration" : 9885
  },
  "status" : "broken",
  "severity" : "normal"
} ]