{
  "total" : 2,
  "items" : [ {
    "uid" : "7559db31629684e5f31176d189a833ac",
    "name" : "case",
    "statistic" : {
      "failed" : 0,
      "broken" : 2,
      "skipped" : 0,
      "passed" : 0,
      "unknown" : 0,
      "total" : 2
    }
  }, {
    "uid" : "87d4dde63376352032e9aca096187507",
    "name" : "test_azarton_camera",
    "statistic" : {
      "failed" : 0,
      "broken" : 1,
      "skipped" : 0,
      "passed" : 0,
      "unknown" : 0,
      "total" : 1
    }
  } ]
}