{
  "uid" : "b1a8273437954620fa374b796ffaacdd",
  "name" : "behaviors",
  "children" : [ {
    "name" : "azarton 主流程测试",
    "children" : [ {
      "name" : "case1:验证进入列表页",
      "children" : [ {
        "name" : "test_01_start",
        "uid" : "fd32398da4dc5522",
        "parentUid" : "30d4b8f7d272f24eaa488a8091b7876c",
        "status" : "broken",
        "time" : {
          "start" : 1601368551690,
          "stop" : 1601368561575,
          "duration" : 9885
        },
        "flaky" : false,
        "parameters" : [ ]
      }, {
        "name" : "test_01_start",
        "uid" : "5889a7806942c2d5",
        "parentUid" : "30d4b8f7d272f24eaa488a8091b7876c",
        "status" : "broken",
        "time" : {
          "start" : 1602489217372,
          "stop" : 1602489217372,
          "duration" : 0
        },
        "flaky" : true,
        "parameters" : [ ]
      } ],
      "uid" : "30d4b8f7d272f24eaa488a8091b7876c"
    }, {
      "name" : "test_02_enter_live",
      "uid" : "4936670590ab42d5",
      "parentUid" : "a7f0f410675bc6890c0fef5aa907e557",
      "status" : "broken",
      "time" : {
        "start" : 1602472898336,
        "stop" : 1602472898336,
        "duration" : 0
      },
      "flaky" : true,
      "parameters" : [ ]
    } ],
    "uid" : "a7f0f410675bc6890c0fef5aa907e557"
  } ]
}