{
  "uid" : "4b4757e66a1912dae1a509f688f20b0f",
  "name" : "categories",
  "children" : [ {
    "name" : "Test defects",
    "children" : [ {
      "name" : "AttributeError: 'NoneType' object has no attribute 'get_attribute'",
      "children" : [ {
        "name" : "test_01_start",
        "uid" : "fd32398da4dc5522",
        "parentUid" : "0e15b59c31aebdf1ccd8cab7e773c419",
        "status" : "broken",
        "time" : {
          "start" : 1601368551690,
          "stop" : 1601368561575,
          "duration" : 9885
        },
        "flaky" : false,
        "parameters" : [ ]
      } ],
      "uid" : "0e15b59c31aebdf1ccd8cab7e773c419"
    }, {
      "name" : "AttributeError: 'LoginPage' object has no attribute 'get_click_device'",
      "children" : [ {
        "name" : "test_02_enter_live",
        "uid" : "4936670590ab42d5",
        "parentUid" : "382be4d45b0c3891213dca53ec42cffc",
        "status" : "broken",
        "time" : {
          "start" : 1602472898336,
          "stop" : 1602472898336,
          "duration" : 0
        },
        "flaky" : true,
        "parameters" : [ ]
      } ],
      "uid" : "382be4d45b0c3891213dca53ec42cffc"
    }, {
      "name" : "_pytest.fixtures.FixtureLookupError: ('driver', <FixtureRequest for <Function test_01_start>>)",
      "children" : [ {
        "name" : "test_01_start",
        "uid" : "5889a7806942c2d5",
        "parentUid" : "cb5910954c9138a031c24921cc05ad01",
        "status" : "broken",
        "time" : {
          "start" : 1602489217372,
          "stop" : 1602489217372,
          "duration" : 0
        },
        "flaky" : true,
        "parameters" : [ ]
      } ],
      "uid" : "cb5910954c9138a031c24921cc05ad01"
    } ],
    "uid" : "bdbf199525818fae7a8651db9eafe741"
  } ]
}