{
  "uid" : "83edc06c07f9ae9e47eb6dd1b683e4e2",
  "name" : "packages",
  "children" : [ {
    "name" : "test_azarton_camera",
    "children" : [ {
      "name" : "test_01_start",
      "uid" : "fd32398da4dc5522",
      "parentUid" : "3c0b981d0810880379069514f1db7397",
      "status" : "broken",
      "time" : {
        "start" : 1601368551690,
        "stop" : 1601368561575,
        "duration" : 9885
      },
      "flaky" : false,
      "parameters" : [ ]
    } ],
    "uid" : "3c0b981d0810880379069514f1db7397"
  }, {
    "name" : "case.test_azarton_camera",
    "children" : [ {
      "name" : "test_02_enter_live",
      "uid" : "4936670590ab42d5",
      "parentUid" : "390d0b84532815ecf5f3caf7792e3d10",
      "status" : "broken",
      "time" : {
        "start" : 1602472898336,
        "stop" : 1602472898336,
        "duration" : 0
      },
      "flaky" : true,
      "parameters" : [ ]
    }, {
      "name" : "test_01_start",
      "uid" : "5889a7806942c2d5",
      "parentUid" : "390d0b84532815ecf5f3caf7792e3d10",
      "status" : "broken",
      "time" : {
        "start" : 1602489217372,
        "stop" : 1602489217372,
        "duration" : 0
      },
      "flaky" : true,
      "parameters" : [ ]
    } ],
    "uid" : "case.test_azarton_camera"
  } ]
}