{
  "uid" : "98d3104e051c652961429bf95fa0b5d6",
  "name" : "suites",
  "children" : [ {
    "name" : "test_azarton_camera",
    "children" : [ {
      "name" : "TestAzartonCamrea",
      "children" : [ {
        "name" : "test_01_start",
        "uid" : "fd32398da4dc5522",
        "parentUid" : "e3344a3266a01b0b281dcaf8a780f49e",
        "status" : "broken",
        "time" : {
          "start" : 1601368551690,
          "stop" : 1601368561575,
          "duration" : 9885
        },
        "flaky" : false,
        "parameters" : [ ]
      } ],
      "uid" : "e3344a3266a01b0b281dcaf8a780f49e"
    } ],
    "uid" : "87d4dde63376352032e9aca096187507"
  }, {
    "name" : "case",
    "children" : [ {
      "name" : "test_azarton_camera",
      "children" : [ {
        "name" : "TestAzartonCamrea",
        "children" : [ {
          "name" : "test_02_enter_live",
          "uid" : "4936670590ab42d5",
          "parentUid" : "ddbe823b68af874429dd92ed0a774259",
          "status" : "broken",
          "time" : {
            "start" : 1602472898336,
            "stop" : 1602472898336,
            "duration" : 0
          },
          "flaky" : true,
          "parameters" : [ ]
        }, {
          "name" : "test_01_start",
          "uid" : "5889a7806942c2d5",
          "parentUid" : "ddbe823b68af874429dd92ed0a774259",
          "status" : "broken",
          "time" : {
            "start" : 1602489217372,
            "stop" : 1602489217372,
            "duration" : 0
          },
          "flaky" : true,
          "parameters" : [ ]
        } ],
        "uid" : "ddbe823b68af874429dd92ed0a774259"
      } ],
      "uid" : "354b691829d100fcebf13fbe8ff8995b"
    } ],
    "uid" : "7559db31629684e5f31176d189a833ac"
  } ]
}