{
  "uid" : "ab17fc5a4eb3bca4b216b548c7f9fcbc",
  "name" : "timeline",
  "children" : [ {
    "name" : "HL-CS036",
    "children" : [ {
      "name" : "19508-MainThread",
      "children" : [ {
        "name" : "test_01_start",
        "uid" : "5889a7806942c2d5",
        "parentUid" : "aeaeb72d4d18234d865bb60c9ff0a7b4",
        "status" : "broken",
        "time" : {
          "start" : 1602489217372,
          "stop" : 1602489217372,
          "duration" : 0
        },
        "flaky" : true,
        "parameters" : [ ]
      } ],
      "uid" : "aeaeb72d4d18234d865bb60c9ff0a7b4"
    }, {
      "name" : "18456-MainThread",
      "children" : [ {
        "name" : "test_01_start",
        "uid" : "fd32398da4dc5522",
        "parentUid" : "6b04d068f9bd6354b3db198c0091b5fa",
        "status" : "broken",
        "time" : {
          "start" : 1601368551690,
          "stop" : 1601368561575,
          "duration" : 9885
        },
        "flaky" : false,
        "parameters" : [ ]
      } ],
      "uid" : "6b04d068f9bd6354b3db198c0091b5fa"
    }, {
      "name" : "19904-MainThread",
      "children" : [ {
        "name" : "test_02_enter_live",
        "uid" : "4936670590ab42d5",
        "parentUid" : "23df6191c29b7f569df4fac469bbe91f",
        "status" : "broken",
        "time" : {
          "start" : 1602472898336,
          "stop" : 1602472898336,
          "duration" : 0
        },
        "flaky" : true,
        "parameters" : [ ]
      } ],
      "uid" : "23df6191c29b7f569df4fac469bbe91f"
    } ],
    "uid" : "e16647d97fb8b7772d638751eaa96b70"
  } ]
}